rotated	0	1080	2400	766 393 1080 957	yes
dragged-far	0	1080	2400	30 1773 344 2337	-
after-release	0	1080	2400	0 1773 314 2337	yes
rotated	1	2400	1080	132 453 446 1017	yes
dragged-far	1	2400	1080	2086 74 2400 638	-
after-release	1	2400	1080	2086 74 2400 638	yes
rotated	2	1080	2400	766 74 1080 638	yes
dragged-far	2	1080	2400	32 1704 346 2268	-
after-release	2	1080	2400	0 1704 314 2268	yes
rotated	3	2400	1080	0 453 314 1017	yes
dragged-far	3	2400	1080	1954 74 2268 638	-
after-release	3	2400	1080	1954 74 2268 638	yes
back	0	1080	2400	766 390 1080 954	-
dismiss-target	0	1080	2400	393 2012 687 2306	ok X up mid-drag, buttons 463 1773 777 2337
dismissed	0	1080	2400		ok pref=false fx/fy=same no stray trigger, Hub.log line: yes
restored	0	1080	2400	766 390 1080 954	ok back at the pre-drag frame (off by 0 px)
