rotated	0	1080	2400	551 459 865 1023	yes
dragged-far	0	1080	2400	766 1773 1080 2337	-
after-release	0	1080	2400	551 459 865 1023	yes
rotated	1	2400	1080	1538 150 1852 714	yes
dragged-far	1	2400	1080	2086 453 2400 1017	-
after-release	1	2400	1080	1538 150 1852 714	yes
rotated	2	1080	2400	551 401 865 965	yes
dragged-far	2	1080	2400	766 1704 1080 2268	-
after-release	2	1080	2400	551 401 865 965	yes
rotated	3	2400	1080	1406 150 1720 714	yes
dragged-far	3	2400	1080	1954 453 2268 1017	-
after-release	3	2400	1080	1406 150 1720 714	yes
back	0	1080	2400	551 461 865 1025	-
